aa,aa,aa,Kyte-Doolittle,Hopp-Woods,Cornette,Eisenberg,Rose,Janin,Engelman GES,Kolaskar,PR (cal),PR (exp)
A,Ala,Alanine,1.8,-0.5,0.2,0.62,0.74,0.3,1.6,1.064,6.5,7
R,Arg,Arginine,-4.5,3,1.4,-2.53,0.64,-1.4,-12.3,0.873,8.6,9.1
N,Asn,Asparagine,-3.5,0.2,-0.5,-0.78,0.63,-0.5,-4.8,0.776,9.6,10
D,Asp,Aspartic acid,-3.5,3,-3.1,-0.9,0.62,-0.6,-9.2,0.866,12.2,13
C,Cys,Cysteine,2.5,-1,4.1,0.29,0.91,0.9,2,1.412,4.3,4.8
Q,Gln,Glutamine,-3.5,0.2,-2.8,-0.85,0.62,-0.7,-4.1,1.015,8.9,8.6
E,Glu,Glutamic acid,-3.5,3,-1.8,-0.74,0.62,-0.7,-8.2,0.851,13.6,12.5
G,Gly,Glycine,-0.4,0,0,0.48,0.72,0.3,1,0.874,9,7.9
H,His,Histidine,-3.2,-0.5,0.5,-0.4,0.78,-0.1,-3,1.105,7.9,8.4
I,Ile,Isoleucine,4.5,-1.8,4.8,1.38,0.88,0.7,3.1,1.152,5,4.9
L,Leu,Leucine,3.8,-1.8,5.7,1.06,0.85,0.5,2.8,1.25,4.4,4.9
K,Lys,Lysine,-3.9,3,-3.1,-1.5,0.52,-1.8,-8.8,0.93,10.2,10.1
M,Met,Methionine,1.9,-1.3,4.2,0.64,0.85,0.4,3.4,0.826,5,5.3
F,Phe,Phenylalanine,2.8,-2.5,4.4,1.19,0.88,0.5,3.7,1.091,4.5,5
P,Pro,Proline,-1.6,0,-2.2,0.12,0.64,-0.3,-0.2,1.064,6.1,6.6
S,Ser,Serine,-0.8,0.3,-0.5,-0.18,0.66,-0.1,0.6,1.012,7.5,7.5
T,Thr,Threonine,-0.7,-0.4,-1.9,-0.05,0.7,-0.2,1.2,0.909,6.2,6.6
W,Trp,Tryptophan,-0.9,-3.4,1,0.81,0.85,0.3,1.9,0.893,4.9,5.2
Y,Tyr,Tyrosine,-1.3,-2.3,3.2,0.26,0.76,-0.4,-0.7,1.161,7.7,5.4
V,Val,Valine,4.2,-1.5,4.7,1.08,0.86,0.6,2.6,1.383,6.2,5.6
